Method,Mean KS,Corr Error,Zero Error,Train (s),Gen (s),N Train
tabpfn_sequential,0.30519999999999997,0.11138732211726432,0.22970000000000002,0.5591070652008057,1.622054100036621,1000
tabpfn_zero_inflation,0.07164999999999999,0.1451086293423515,0.03245,0.004058837890625,1.8602478504180908,1000
microplex,0.0766,0.0907309568668155,0.04435000000000003,1.1211609840393066,0.009980916976928711,5000
